<?xml version="1.0" encoding="UTF-8"?>
<modification>
  <version>1.0</version>
  <author>CedCommercePrivateLimited</author>
  <file path="admin/controller/common/header.php">
    <operation>
      <search position="before">
        <![CDATA[$this->template = 'common/header.tpl';]]>
      </search>
      <add><![CDATA[

      if ($this->config->get('ced_global_filter_config_status') && $this->user->getId()) {
      if ($this->user->isLogged() && isset($this->request->get['token']) && ($this->request->get['token'] == $this->session->data['token'])) {
			$this->data['token'] = $this->session->data['token'];
      $this->data['ced_global_filter_status'] = 1;
      } else {
        $this->data['ced_global_filter_status'] = 0;
      }
			$this->data['ced_global_filter_action'] = $this->url->link('module/ced_global_filter/filter', 'token=' . $this->session->data['token'], true);

			$this->data['global_filters'] = array(
				'item_by_name'		=> 'Item By Name',
				'item_by_sku'		=> 'Item By SKU',
				'category_by_name'	=> 'Category By Name',
				'order_by_name'		=> 'Order By Name',
				'order_by_email'	=> 'Order By Email',
				'order_by_phone'	=> 'Order By Phone',
				'order_by_date'		=> 'Order By Date',
				'customer_by_name'	=> 'Customer By Name',
				'customer_by_email'	=> 'Customer By Email'
			);

			if (isset($this->request->get['ced_global_filter_choice']) && $this->request->get['ced_global_filter_choice']) {
				$this->data['ced_global_filter_choice'] = $this->request->get['ced_global_filter_choice'];

				if (isset($this->request->get['filter_name'])) {
					$this->data['filter_name'] = $this->request->get['filter_name'];
				} elseif (isset($this->request->get['filter_sku'])) {
					$this->data['filter_sku'] = $this->request->get['filter_sku'];
				} elseif (isset($this->request->get['filter_email'])) {
					$this->data['filter_email'] = $this->request->get['filter_email'];
				} elseif (isset($this->request->get['filter_phone'])) {
					$this->data['filter_phone'] = $this->request->get['filter_phone'];
				} elseif (isset($this->request->get['filter_date_added'])) {
					$this->data['filter_date_added'] = $this->request->get['filter_date_added'];
				}
			} else {
				$this->data['ced_global_filter_choice'] = '';
			}
		} else {
			$this->data['ced_global_filter_status'] = 0;
		}
		/* Sumit modification end */
        ]]>
      </add>
    </operation>
  </file>

  <!--*****************For menu in header position***********-->

  <file path="admin/view/template/common/header.tpl">
    <operation>
      <search position="after">
        <![CDATA[  <div class="div2"><img src="view/image/logo.png" title="<?php echo $heading_title; ?>" onclick="location = '<?php echo $home; ?>'" /></div>]]>
      </search>
      <add><![CDATA[ <?php if ($ced_global_filter_status == 1): ?>
      <div id="ced_global_filter_form" style="display:inline-flex;position:relative;top:10px;left:150px;"> 
        <div>
          <select name="ced_global_filter_choice" id="ced_global_filter" onchange="cedGlobalFilterSetInput();" style="border-radius:5px;margin-right:10px;padding:5px;">
            <option value='0'>-- Search Type --</option>
            <?php foreach ($global_filters as $key=>$global_filter) {?>
            <?php if ($key == $ced_global_filter_choice): ?>
            <option value="<?php echo $key; ?>" selected="selected"><?php echo $global_filter; ?></option>
            <?php else: ?>
            <option value="<?php echo $key;?>"><?php echo $global_filter; ?></option>
            <?php endif; ?>
            <?php } ?>
          </select>
        </div>
        <div class="" id="search_input_type">
          <input type="text" style="padding:5px;width:166px;" placeholder="Please select search type first" disabled="disabled" />
        </div>
        <div class="" id="search_input_type">
          <button type="button"onMouseOver="this.style.backgroundColor='#307CEB';this.style.color='black';" onMouseOut="this.style.backgroundColor='white';" id="ced_global_filters" style="border:none;padding:5px;cursor:pointer;background-color:whitesmoke;color:black;border-radius:5px;margin-left:10px;">Search</button>
        </div>
      </div>
  <?php endif; ?>]]>
      </add>
    </operation>
  </file>


  <!--************urls and text for header menu *************-->


  <file path="admin/view/template/common/header.tpl">
    <operation>
      <search position="after">
        <![CDATA[<li><a class="top" href="<?php echo $logout; ?>"><?php echo $text_logout; ?></a></li>]]>
      </search>
      <add><![CDATA[            
   		<script type="text/javascript">
      $(document).ready(cedGlobalFilterSetInput());
      function cedGlobalFilterSetInput() {
        selected_value = $('select[name=\'ced_global_filter_choice\']').val();
        console.log(selected_value);
        html = '';
        if(selected_value == '0'){
          html += '<input type="text" name="" class="form-control" style="border-radius:5px;width:166px;padding:5px;background-color:whitesmoke;" placeholder="Please select search type first" disabled="disabled" />';
        }else if(selected_value == 'order_by_date'){
          html += '<input type="text" name="'+selected_value+'" style="border-radius:5px;width:166px;padding:5px;background-color:whitesmoke;" value="<?php if (isset($filter_date_added)) { echo $filter_date_added; }?>" data-date-format="YYYY-MM-DD" value="<?php echo $filter_date_added; ?>" size="12" class="form-control date submit_on_enter" />';
        }else if(selected_value == 'item_by_name'){
          html += '<input type="text" name="'+selected_value+'" style="border-radius:5px;width:166px;padding:5px;background-color:whitesmoke;" value="<?php if(isset($filter_name)) { echo $filter_name; } ?>" class="form-control submit_on_enter" placeholder="" value="" />';
        }else if(selected_value == 'item_by_sku'){
          html += '<input type="text" name="'+selected_value+'" style="border-radius:5px;width:166px;padding:5px;background-color:whitesmoke;" value="<?php if (isset($filter_sku)) {echo $filter_sku; }?>" class="form-control submit_on_enter" placeholder="" value="" />';
        }else if(selected_value == 'order_by_name'){
          html += '<input type="text" name="'+selected_value+'" style="border-radius:5px;width:166px;padding:5px;background-color:whitesmoke;" value="<?php if (isset($filter_name)) { echo $filter_name;} ?>" class="form-control submit_on_enter" placeholder="" value="" />';
        }else if(selected_value == 'order_by_email'){
          html += '<input type="text" name="'+selected_value+'" style="border-radius:5px;width:166px;padding:5px;background-color:whitesmoke;" value="<?php if (isset($filter_email)) { echo $filter_email; } ?>" class="form-control submit_on_enter" placeholder="" value="" />';
        }else if(selected_value == 'order_by_phone'){
          html += '<input type="text" name="'+selected_value+'" style="border-radius:5px;width:166px;padding:5px;background-color:whitesmoke;" value="<?php if (isset($filter_phone)) { echo $filter_phone; }?>" class="form-control submit_on_enter" placeholder="" value="" />';
        }else if(selected_value == 'category_by_name'){
          html += '<input type="text" name="'+selected_value+'" style="border-radius:5px;width:166px;padding:5px;background-color:whitesmoke;" value="<?php if (isset($filter_name)) { echo $filter_name; }?>" class="form-control submit_on_enter" placeholder="" value="" />';
        }else if(selected_value == 'customer_by_email'){
          html += '<input type="text" name="'+selected_value+'" style="border-radius:5px;width:166px;padding:5px;background-color:whitesmoke;" value="<?php  if (isset($filter_email)) { echo $filter_email; }?>" class="form-control submit_on_enter" placeholder="" value="" />';
        }else if(selected_value == 'customer_by_name'){
          html += '<input type="text" name="'+selected_value+'" style="border-radius:5px;width:166px;padding:5px;background-color:whitesmoke;" value="<?php  if (isset($filter_name)) { echo $filter_name; }?>" class="form-control submit_on_enter" placeholder="" value="" />';
        }

        $('#search_input_type').html(html);

        if(selected_value == 'order_by_date'){
          $('#search_input_type').ready(function(){
          $('.date').datetimepicker({
            language: '<?php echo $datepicker; ?>',
            pickTime: false
          });
        });
        }
      }
    </script>
    <script type="text/javascript"><!--

    $('#search_input_type').on('keydown', '.submit_on_enter', function(ev) {
        // enter has keyCode = 13, change it if you want to use another button
        var keycode = (ev.keyCode ? ev.keyCode : ev.which);
        if (keycode == 13) {
          filters();
          return false;
        }
      });

      $('#ced_global_filters').click('.submit_on_enter', function() {
        filters();
      })

    function filters() {
      var url = '';
      var item_by_name = $('input[name=\'item_by_name\']').val();
      if (item_by_name) {
        url += '&filter_name=' + encodeURIComponent(item_by_name);
      }

      var item_by_sku = $('input[name=\'item_by_sku\']').val();
      if (item_by_sku) {
        url += '&filter_sku=' + encodeURIComponent(item_by_sku);
      }

      var category_by_name = $('input[name=\'category_by_name\']').val();
      if (category_by_name) {
        url += '&filter_name=' + encodeURIComponent(category_by_name);
      }

      var order_by_name = $('input[name=\'order_by_name\']').val();
      if (order_by_name) {
        url += '&filter_name=' + encodeURIComponent(order_by_name);
      }

      var order_by_email = $('input[name=\'order_by_email\']').val();
      if (order_by_email) {
        url += '&filter_email=' + encodeURIComponent(order_by_email);
      }

      var order_by_phone = $('input[name=\'order_by_phone\']').val();
      if (order_by_phone) {
        url += '&filter_phone=' + encodeURIComponent(order_by_phone);
      }

      var order_by_date = $('input[name=\'order_by_date\']').val();
      if (order_by_date) {
        url += '&filter_date_added=' + encodeURIComponent(order_by_date);
      }

      var customer_by_name = $('input[name=\'customer_by_name\']').val();
      if (customer_by_name) {
        url += '&filter_name=' + encodeURIComponent(customer_by_name);
      }

      var customer_by_email = $('input[name=\'customer_by_email\']').val();
      if (customer_by_email) {
        url += '&filter_email=' + encodeURIComponent(customer_by_email);
      }

      var selected_value = $('select[name=\'ced_global_filter_choice\']').val();
      console.log(url);
        if(selected_value == '0'){
        location = 'index.php?route=common/home&token=<?php echo $token; ?>' + url;
      }else{
        url += '&ced_global_filter_choice='+ encodeURIComponent(selected_value);
        location = 'index.php?route=module/ced_global_filter/filter&token=<?php echo $token; ?>' + url;
      }
    }
    //--></script>
<style type="text/css">
      .custom-filter {padding-top: 10px;}
    </style>
    ]]>
      </add>
    </operation>
  </file>
</modification>

