<?xml version="1.0" encoding="UTF-8"?>
<modification>
  <code>cedcommerce</code>
  <name>Global Filter modification</name>
  <version>1.0.0</version>
  <author>CedCommerce Private Limited</author>
  <link>http://cedcommerce.com</link>
  <!--******************** Manage Session **************************-->
  <file path="admin/controller/common/header.php">
    <operation>
      <search>
        <![CDATA[return $this->load->view('common/header', $data);]]>
      </search>
      <add position="before"><![CDATA[
		/* Sumit modification */

		if ($this->user->isLogged() && isset($this->request->get['user_token']) && ($this->request->get['user_token'] == $this->session->data['user_token'])){
      $data['user_token'] = $this->session->data['user_token'];
			$data['ced_global_filter_status'] = 1;
			$data['ced_global_filter_action'] = $this->url->link('extension/module/ced_global_filter_config/filter', 'user_token=' . $this->session->data['user_token'], true);

			$data['global_filters'] = array(
				'item_by_name'		=> 'Item By Name',
				'item_by_sku'		=> 'Item By SKU',
				'category_by_name'	=> 'Category By Name',
				'order_by_name'		=> 'Order By Name',
				'order_by_email'	=> 'Order By Email',
				'order_by_phone'	=> 'Order By Phone',
				'order_by_date'		=> 'Order By Date',
				'customer_by_name'	=> 'Customer By Name',
				'customer_by_email'	=> 'Customer By Email'
			);

			if(isset($this->request->get['ced_global_filter_choice']) && $this->request->get['ced_global_filter_choice']) {
				$data['ced_global_filter_choice'] = $this->request->get['ced_global_filter_choice'];
				
        if(isset($this->request->get['filter_name'])) {
          $data['filter_name'] = $this->request->get['filter_name'];
        }elseif(isset($this->request->get['filter_sku'])) {
          $data['filter_sku'] = $this->request->get['filter_sku'];
        }elseif(isset($this->request->get['filter_email'])){
          $data['filter_email'] = $this->request->get['filter_email'];
        }elseif(isset($this->request->get['filter_phone'])){
          $data['filter_phone'] = $this->request->get['filter_phone'];
        }elseif(isset($this->request->get['filter_date_added'])){
          $data['filter_date_added'] = $this->request->get['filter_date_added'];
        }
			}else{
				$data['ced_global_filter_choice'] = '';
			}
		}else{
			$data['ced_global_filter_status'] = 0;
		}
		/* Sumit modification end */
				]]>
      </add>
    </operation>
  </file>
  <file path="admin/view/template/common/header.twig">
    <operation>
      <search>
        <![CDATA[<a href="#" id="button-menu" class="hidden-md hidden-lg"><span class="fa fa-bars"></span></a>{% if logged %}]]>
      </search>
      <add position="before"><![CDATA[
  {% if ced_global_filter_status == 1 %}
    {# jack modification #}
	<div id="ced_global_filter_form" class="form-horizontal">
      <div class="col-sm-3 custom-filter">
        <select name="ced_global_filter_choice" id="ced_global_filter_choice" class="form-control" onchange="cedGlobalFilterSetInput();">
          <option value='0'>-- Search Type --</option>
          {% for key,global_filter in global_filters %}
           {% if key == ced_global_filter_choice %}
           <option value="{{ key }}" selected="selected">{{ global_filter }}</option>
           {% else %}
           <option value="{{ key }}">{{ global_filter }}</option>
           {% endif %}
          {% endfor %}
        </select>
    </div>
      <div class="col-sm-3 custom-filter" id="search_input_type">
        <input type="text" name="" class="form-control" placeholder="Please select search type first" disabled="disabled" />
      </div>
      <div class="col-sm-1 custom-filter" id="search_input_type">
        <button type="button" id="ced_global_filter" class="btn btn-primary">Search</button>
      </div>
  </div>

    <script type="text/javascript">
      $(document).ready(cedGlobalFilterSetInput());
      function cedGlobalFilterSetInput() {
        selected_value = $('select[name=\'ced_global_filter_choice\']').val();
        html = '';
        if(selected_value == '0'){
          html += '<input type="text" name="" class="form-control" placeholder="Please select search type first" disabled="disabled" />';
        }else if(selected_value == 'order_by_date'){
          html += '<input type="text" name="'+selected_value+'" value="{{ filter_date_added }}" data-date-format="YYYY-MM-DD" value="{{ filter_date_added }}" size="12" class="form-control date submit_on_enter" />';
        }else if(selected_value == 'item_by_name'){
          html += '<input type="text" name="'+selected_value+'" value="{{ filter_name }}" class="form-control submit_on_enter" placeholder="" value="" />';
        }else if(selected_value == 'item_by_sku'){
          html += '<input type="text" name="'+selected_value+'" value="{{ filter_sku }}" class="form-control submit_on_enter" placeholder="" value="" />';
        }else if(selected_value == 'order_by_name'){
          html += '<input type="text" name="'+selected_value+'" value="{{ filter_name }}" class="form-control submit_on_enter" placeholder="" value="" />';
        }else if(selected_value == 'order_by_email'){
          html += '<input type="text" name="'+selected_value+'" value="{{ filter_email }}" class="form-control submit_on_enter" placeholder="" value="" />';
        }else if(selected_value == 'order_by_phone'){
          html += '<input type="text" name="'+selected_value+'" value="{{ filter_phone }}" class="form-control submit_on_enter" placeholder="" value="" />';
        }else if(selected_value == 'category_by_name'){
          html += '<input type="text" name="'+selected_value+'" value="{{ filter_name }}" class="form-control submit_on_enter" placeholder="" value="" />';
        }else if(selected_value == 'customer_by_email'){
          html += '<input type="text" name="'+selected_value+'" value="{{ filter_email }}" class="form-control submit_on_enter" placeholder="" value="" />';
        }else if(selected_value == 'customer_by_name'){
          html += '<input type="text" name="'+selected_value+'" value="{{ filter_name }}" class="form-control submit_on_enter" placeholder="" value="" />';
        }

        $('#search_input_type').html(html);

        if(selected_value == 'order_by_date'){
          $('#search_input_type').ready(function(){
          $('.date').datetimepicker({
            language: '{{ datepicker }}',
            pickTime: false
          });
        });
        }
      }
    </script>
    <script type="text/javascript"><!--

    $('#search_input_type').on('keydown', '.submit_on_enter', function(ev) {
        // enter has keyCode = 13, change it if you want to use another button
        var keycode = (ev.keyCode ? ev.keyCode : ev.which);
        if (keycode == 13) {
          filter();
          return false;
        }
      });

    $('#ced_global_filter').on('click', function() {
      filter();
    });

    function filter(){
      var url = '';

      var item_by_name = $('input[name=\'item_by_name\']').val();
      if (item_by_name) {
        url += '&filter_name=' + encodeURIComponent(item_by_name);
      }

      var item_by_sku = $('input[name=\'item_by_sku\']').val();
      if (item_by_sku) {
        url += '&filter_sku=' + encodeURIComponent(item_by_sku);
      }

      var category_by_name = $('input[name=\'category_by_name\']').val();
      if (category_by_name) {
        url += '&filter_name=' + encodeURIComponent(category_by_name);
      }

      var order_by_name = $('input[name=\'order_by_name\']').val();
      if (order_by_name) {
        url += '&filter_name=' + encodeURIComponent(order_by_name);
      }

      var order_by_email = $('input[name=\'order_by_email\']').val();
      if (order_by_email) {
        url += '&filter_email=' + encodeURIComponent(order_by_email);
      }

      var order_by_phone = $('input[name=\'order_by_phone\']').val();
      if (order_by_phone) {
        url += '&filter_phone=' + encodeURIComponent(order_by_phone);
      }

      var order_by_date = $('input[name=\'order_by_date\']').val();
      if (order_by_date) {
        url += '&filter_date_added=' + encodeURIComponent(order_by_date);
      }

      var customer_by_name = $('input[name=\'customer_by_name\']').val();
      if (customer_by_name) {
        url += '&filter_name=' + encodeURIComponent(customer_by_name);
      }

      var customer_by_email = $('input[name=\'customer_by_email\']').val();
      if (customer_by_email) {
        url += '&filter_email=' + encodeURIComponent(customer_by_email);
      }

      var selected_value = $('select[name=\'ced_global_filter_choice\']').val();

      if(selected_value == '0'){
        location = 'index.php?route=common/dashboard&user_token={{ user_token }}' + url;
      }else{
        url += '&ced_global_filter_choice='+ encodeURIComponent(selected_value);
        location = 'index.php?route=extension/module/ced_global_filter_config/filter&user_token={{ user_token }}' + url;
      }
    }
    //--></script>
<script src="view/javascript/jquery/datetimepicker/bootstrap-datetimepicker.min.js" type="text/javascript"></script>
<link href="view/javascript/jquery/datetimepicker/bootstrap-datetimepicker.min.css" type="text/css" rel="stylesheet" media="screen" />
<script type="text/javascript"><!--
      $('.date').datetimepicker({
        language: '{{ datepicker }}',
        pickTime: false
      });
    //--></script>
<style type="text/css">
      .custom-filter {padding-top: 10px;}
    </style>
    {# jack modification end #}
    {% endif %}
				]]>
      </add>
    </operation>
  </file>
</modification> 
